<?xml version="1.0" encoding="utf-8" standalone="yes" ?>
<rss version="2.0" xmlns:atom="http://www.w3.org/2005/Atom">
  <channel>
    <title>Learn Robotics</title>
    <link>https://learnroboticsclass.github.io/index.xml</link>
    <description>Recent content on Learn Robotics</description>
    <generator>Hugo -- gohugo.io</generator>
    <language>en-us</language>
    <copyright>Copyright © 2017, Learn Robotics; All rights reserved.</copyright>
    <atom:link href="https://learnroboticsclass.github.io/index.xml" rel="self" type="application/rss+xml" />
    
    <item>
      <title>About</title>
      <link>https://learnroboticsclass.github.io/about/</link>
      <pubDate>Mon, 01 Jan 0001 00:00:00 +0000</pubDate>
      
      <guid>https://learnroboticsclass.github.io/about/</guid>
      <description>

&lt;h2 id=&#34;join-the-robotics-revolution&#34;&gt;Join the Robotics Revolution!&lt;/h2&gt;

&lt;p&gt;Learn Robotics was founded with the purpose of bringing high-quality robotics and programming classes to the Greater Indianapolis community.&lt;/p&gt;

&lt;p&gt;If you hadn&amp;rsquo;t already guessed it, WE LOVE ROBOTS &amp;amp; we think you&amp;rsquo;ll love them too! &lt;i class=&#34;fa fa-android&#34; aria-hidden=&#34;true&#34;&gt;&lt;/i&gt;&lt;/p&gt;

&lt;p&gt;Face it, automation, software, and robots are all around us. We live in a world packed with tech, computers, and &amp;ldquo;smart&amp;rdquo; devices. Let us teach you how to join this Robotics Revolution with class offerings such as Robotics Foundations and Electronics &amp;amp; Sensing.&lt;/p&gt;

&lt;p&gt;&lt;a href=&#34;http://LearnRobotics.Eventbrite.com&#34;&gt;Sign up for a Learn Robotics class, today!&lt;/a&gt;&lt;/p&gt;

&lt;h2 id=&#34;who-we-are&#34;&gt;Who We Are&lt;/h2&gt;

&lt;p&gt;We love to teach youth how to develop, construct, code, and play with, you guessed it, &lt;strong&gt;ROBOTS&lt;/strong&gt;! &lt;br&gt;&lt;/p&gt;

&lt;p&gt;Started by Robotics Engineer, Liz Miller, Learn Robotics is an organization focused on bringing quality introductory and intermediate robotics classes to youth and young adults.
&lt;br&gt;&lt;br&gt;&lt;/p&gt;

&lt;h4 id=&#34;meet-your-lead-instructor-liz&#34;&gt;Meet your Lead Instructor, Liz!&lt;/h4&gt;

&lt;p&gt;&lt;img align=&#34;left&#34; hspace=&#34;30&#34; src=&#34;https://github.com/learnroboticsclass/learnroboticsclass.github.io/blob/master/img/liz.jpg?raw=true&#34; width=&#34;30%&#34; height=&#34;30%&#34;/&gt;
Liz holds a Bachelor of Science degree in Robotics Engineering from Worcester Polytechnic Institute. She has taught 100&amp;rsquo;s of introductory robotics classes to elementary, middle, and high school students throughout New England. Liz&amp;rsquo;s most recent teaching gig was at Massachusetts Institute of Technology! Liz works full-time in high-volume automated manufacturing where she maintains robotic arms and industrial equipment. Liz&amp;rsquo;s love for teaching robotics led her to design and launch Learn Robotics within the Greater Indianapolis community! &lt;br&gt;&lt;br&gt;&lt;br&gt;&lt;/p&gt;

&lt;h2 id=&#34;what-we-do&#34;&gt;What We Do&lt;/h2&gt;

&lt;p&gt;A big part of Learn Robotics is overcoming the learning curve of beginning robot programming. We pride ourselves on making classes engaging, interactive, and informative. &lt;em&gt;Quality education is our #1 goal, but having fun is our #1 priority!&lt;/em&gt;
The curriculum for each Learn Robotics class is designed so that students of varying backgrounds will have a functioning robot to use in class challenges!&lt;/p&gt;

&lt;p&gt;&lt;br&gt;&lt;br&gt;&lt;br&gt;&lt;br&gt;&lt;/p&gt;
</description>
    </item>
    
    <item>
      <title>Classes</title>
      <link>https://learnroboticsclass.github.io/classes/</link>
      <pubDate>Mon, 01 Jan 0001 00:00:00 +0000</pubDate>
      
      <guid>https://learnroboticsclass.github.io/classes/</guid>
      <description>

&lt;h3 id=&#34;register-for-a-class&#34;&gt;Register for a Class&lt;/h3&gt;

&lt;p&gt;&lt;img align=&#34;center&#34; hspace=&#34;20&#34; src=&#34;https://github.com/learnroboticsclass/learnroboticsclass.github.io/blob/master/img/robotics-class.png?raw=true&#34; width=&#34;50%&#34; height=&#34;30%&#34;/&gt;
&lt;br&gt;&lt;br&gt;
We use Eventbrite to sell tickets to our private weekend sessions. If you&amp;rsquo;d like to register for an upcoming session, you can do so using &lt;a href=&#34;http://learnrobotics.eventbrite.com&#34;&gt;this link&lt;/a&gt;. &lt;br&gt;&lt;br&gt;
For our sponsored events, registration is through the host organization. Please contact the host organization to register!
&lt;br&gt;&lt;br&gt;&lt;br&gt;&lt;/p&gt;

&lt;h3 id=&#34;current-events&#34;&gt;Current Events&lt;/h3&gt;

&lt;h4 id=&#34;learn-robotics-presents-foundations-session-http-learnrobotics-eventbrite-com-br&#34;&gt;&lt;a href=&#34;http://learnrobotics.eventbrite.com&#34;&gt;Learn Robotics presents Foundations Session&lt;/a&gt;&lt;br&gt;&lt;/h4&gt;

&lt;p&gt;&lt;strong&gt;February 18-19 @ 9am-1pm&lt;/strong&gt;, registration ends February 17th &lt;br&gt; &lt;b&gt;&lt;a href=&#34;http://learnrobotics.eventbrite.com&#34;&gt;REGISTER&lt;/a&gt;&lt;/b&gt;&lt;br&gt;
Session Cost: $75/person &lt;br&gt;
&lt;em&gt;Learn the fundamentals of mobile robots with this 8-hour session held over the weekend. Curriculum includes robot components and assembly requirements, robot programming, and navigation using a variety of sensors. Multiple mini-challenges as well as a final obstacle course project are included to help practice your new skills. Snacks and drinks are provided. Robot kits are distributed for use in class. Students will need a laptop computer for this class.&lt;/em&gt; &lt;br&gt;&lt;/p&gt;

&lt;h5 id=&#34;more-events-coming-soon&#34;&gt;&lt;em&gt;More events coming soon!&lt;/em&gt;&lt;/h5&gt;

&lt;h3 id=&#34;event-offerings&#34;&gt;Event Offerings&lt;/h3&gt;

&lt;p&gt;Our events are categorized based on their duration:&lt;/p&gt;

&lt;ul&gt;
&lt;li&gt;&lt;p&gt;&lt;strong&gt;Seminars:&lt;/strong&gt; We arrange 1-2 hours to demonstrate the types of robots and curriculum we teach in our workshops and classes. Note that seminars do not include hands-on use of the robot kits.&lt;/p&gt;&lt;/li&gt;

&lt;li&gt;&lt;p&gt;&lt;strong&gt;Workshops:&lt;/strong&gt; 3-4 hours and include special topics designed to meet the goals of a particular audience.&lt;/p&gt;&lt;/li&gt;

&lt;li&gt;&lt;p&gt;&lt;strong&gt;Classes:&lt;/strong&gt; 5-6 hours and include more detailed instructions as well as robot challenges and projects.&lt;/p&gt;&lt;/li&gt;

&lt;li&gt;&lt;p&gt;&lt;strong&gt;Sessions:&lt;/strong&gt; 2 or more Workshops or Classes that are reoccurring.&lt;/p&gt;&lt;/li&gt;
&lt;/ul&gt;

&lt;h3 id=&#34;create-or-sponsor-a-custom-event&#34;&gt;Create or Sponsor a Custom Event&lt;/h3&gt;

&lt;p&gt;&lt;img align=&#34;center&#34; hspace=&#34;20&#34; src=&#34;https://github.com/learnroboticsclass/learnroboticsclass.github.io/blob/master/img/class-image.png?raw=true&#34; width=&#34;50%&#34; height=&#34;30%&#34;/&gt;&lt;br&gt;&lt;br&gt;
 Calling all &lt;strong&gt;Program Directors&lt;/strong&gt;, &lt;strong&gt;Teachers&lt;/strong&gt;, and &lt;strong&gt;Organizations&lt;/strong&gt;. Have an idea for a Learn Robotics event? Want to create your own local program? &lt;a href=&#34;mailto:LearnRobotics@mail.com&#34;&gt;Contact Us&lt;/a&gt; to arrange a custom event!
&lt;br&gt;&lt;br&gt;
We are also accepting &lt;strong&gt;donations and scholarships&lt;/strong&gt; to sponsor youth and young adults in the Greater Indianapolis community. Join the Robotics Revolution, donate or sponsor an event today!&lt;/p&gt;

&lt;p&gt;&lt;br&gt;&lt;br&gt;&lt;br&gt;&lt;/p&gt;
</description>
    </item>
    
    <item>
      <title>Contact</title>
      <link>https://learnroboticsclass.github.io/contact/</link>
      <pubDate>Mon, 01 Jan 0001 00:00:00 +0000</pubDate>
      
      <guid>https://learnroboticsclass.github.io/contact/</guid>
      <description>

&lt;h1 id=&#34;we-are-here-to-help-you&#34;&gt;We are here to help you&lt;/h1&gt;

&lt;h4 id=&#34;at-learn-robotics-quality-education-is-our-1-goal-but-having-fun-is-our-1-priority&#34;&gt;&lt;strong&gt;At Learn Robotics, QUALITY education is our #1 goal, but having FUN is our #1 priority!&lt;/strong&gt;&lt;/h4&gt;

&lt;p&gt;&lt;br&gt;&lt;/p&gt;

&lt;p&gt;Are you curious about &lt;strong&gt;hosting&lt;/strong&gt; or &lt;strong&gt;sponsoring&lt;/strong&gt; a Learn Robotics event?&lt;/p&gt;

&lt;p&gt;Please feel free to contact us via the methods below! We will do our best to respond to your inquiries within 24-hours.&lt;/p&gt;

&lt;p&gt;&lt;br&gt;
&lt;center&gt;
&lt;i class=&#34;fa fa-phone fa-2x&#34; aria-hidden=&#34;true&#34; &gt;&lt;/i&gt;    860-578-4459 &lt;br&gt;
&lt;i class=&#34;fa fa-envelope fa-2x&#34; aria-hidden=&#34;true&#34; &gt;&lt;/i&gt;   &lt;a href=&#34;mailto:learnrobotics@mail.com&#34;&gt;LearnRobotics@mail.com&lt;/a&gt;
&lt;br&gt;&lt;/p&gt;

&lt;h4 id=&#34;like-us-on-facebook-http-facebook-com-learnroboticsclass&#34;&gt;&lt;a href=&#34;http://facebook.com/LearnRoboticsClass&#34;&gt;Like Us on Facebook!&lt;/a&gt;&lt;/h4&gt;

&lt;p&gt;&lt;br&gt;&lt;/center&gt;&lt;/p&gt;
</description>
    </item>
    
    <item>
      <title>FAQ</title>
      <link>https://learnroboticsclass.github.io/faq/</link>
      <pubDate>Mon, 01 Jan 0001 00:00:00 +0000</pubDate>
      
      <guid>https://learnroboticsclass.github.io/faq/</guid>
      <description>

&lt;p&gt;Pellentesque habitant morbi tristique senectus et netus et malesuada fames ac turpis egestas. Vestibulum tortor quam, feugiat vitae, ultricies eget, tempor sit amet, ante. Donec eu libero sit amet quam egestas semper. Aenean ultricies mi vitae est. Mauris placerat eleifend leo.&lt;/p&gt;

&lt;h2 id=&#34;1-what-to-do-if-i-have-still-not-received-the-order&#34;&gt;1. WHAT TO DO IF I HAVE STILL NOT RECEIVED THE ORDER?&lt;/h2&gt;

&lt;p&gt;Pellentesque habitant morbi tristique senectus et netus et malesuada fames ac turpis egestas. Vestibulum tortor quam, feugiat vitae, ultricies eget, tempor sit amet, ante. Donec eu libero sit amet quam egestas semper. Aenean ultricies mi vitae est. Mauris placerat eleifend leo.&lt;/p&gt;

&lt;ul&gt;
&lt;li&gt;Lorem ipsum dolor sit amet, consectetuer adipiscing elit.&lt;/li&gt;
&lt;li&gt;Aliquam tincidunt mauris eu risus.&lt;/li&gt;
&lt;li&gt;Vestibulum auctor dapibus neque.&lt;/li&gt;
&lt;/ul&gt;

&lt;h2 id=&#34;2-what-are-the-postal-rates&#34;&gt;2. WHAT ARE THE POSTAL RATES?&lt;/h2&gt;

&lt;p&gt;Anim pariatur cliche reprehenderit, enim eiusmod high life accusamus terry richardson ad squid. 3 wolf moon officia aute, non cupidatat skateboard dolor brunch. Food truck quinoa nesciunt laborum eiusmod. Brunch 3 wolf moon tempor, sunt aliqua put a bird on it squid single-origin coffee nulla assumenda shoreditch et. Nihil anim keffiyeh helvetica, craft beer labore wes anderson cred nesciunt sapiente ea proident. Ad vegan excepteur butcher vice lomo. Leggings occaecat craft beer farm-to-table, raw denim aesthetic synth nesciunt you probably haven&amp;rsquo;t heard of them accusamus labore sustainable VHS.&lt;/p&gt;

&lt;h2 id=&#34;3-do-you-send-overseas&#34;&gt;3. DO YOU SEND OVERSEAS?&lt;/h2&gt;

&lt;p&gt;Anim pariatur cliche reprehenderit, enim eiusmod high life accusamus terry richardson ad squid. 3 wolf moon officia aute, non cupidatat skateboard dolor brunch. Food truck quinoa nesciunt laborum eiusmod. Brunch 3 wolf moon tempor, sunt aliqua put a bird on it squid single-origin coffee nulla assumenda shoreditch et. Nihil anim keffiyeh helvetica, craft beer labore wes anderson cred nesciunt sapiente ea proident. Ad vegan excepteur butcher vice lomo. Leggings occaecat craft beer farm-to-table, raw denim aesthetic synth nesciunt you probably haven&amp;rsquo;t heard of them accusamus labore sustainable VHS.&lt;/p&gt;

&lt;h2 id=&#34;4-why-are-you-more-expensive-than-others&#34;&gt;4. WHY ARE YOU MORE EXPENSIVE THAN OTHERS?&lt;/h2&gt;

&lt;p&gt;Pellentesque habitant morbi tristique senectus et netus et malesuada fames ac turpis egestas. Vestibulum tortor quam, feugiat vitae, ultricies eget, tempor sit amet, ante. Donec eu libero sit amet quam egestas semper. Aenean ultricies mi vitae est. Mauris placerat eleifend leo.&lt;/p&gt;

&lt;ul&gt;
&lt;li&gt;Lorem ipsum dolor sit amet, consectetuer adipiscing elit.&lt;/li&gt;
&lt;li&gt;Aliquam tincidunt mauris eu risus.&lt;/li&gt;
&lt;li&gt;Vestibulum auctor dapibus neque.&lt;/li&gt;
&lt;/ul&gt;

&lt;h2 id=&#34;5-another-important-question&#34;&gt;5. ANOTHER IMPORTANT QUESTION&lt;/h2&gt;

&lt;p&gt;Pellentesque habitant morbi tristique senectus et netus et malesuada fames ac turpis egestas. Vestibulum tortor quam, feugiat vitae, ultricies eget, tempor sit amet, ante. Donec eu libero sit amet quam egestas semper. Aenean ultricies mi vitae est. Mauris placerat eleifend leo.&lt;/p&gt;

&lt;ul&gt;
&lt;li&gt;Lorem ipsum dolor sit amet, consectetuer adipiscing elit.&lt;/li&gt;
&lt;li&gt;Aliquam tincidunt mauris eu risus.&lt;/li&gt;
&lt;li&gt;Vestibulum auctor dapibus neque.&lt;/li&gt;
&lt;/ul&gt;

&lt;hr /&gt;

&lt;blockquote&gt;
&lt;p&gt;In case you haven&amp;rsquo;t found the answer for your question please feel free to contact us, our customer support will be happy to help you.&lt;/p&gt;
&lt;/blockquote&gt;
</description>
    </item>
    
  </channel>
</rss>